Expenses,Total_Expenses,RF_Predicted_Expenses,GB_Predicted_Expenses,DL_Predicted_Expenses
2500000.0,2500000.0,,,
2520000.0,2520000.0,,,
2535000.0,2535000.0,,,
35120000.0,35120000.0,,,
,,25669300.0,35119350.54059545,0.6439105
,,25669300.0,35119350.54059545,0.7560048
,,25669300.0,35119350.54059545,0.8748487
,,25669300.0,35119350.54059545,1.0002823
,,25669300.0,35119350.54059545,1.13258
